GenericSensorType,15001,ObjectType
GenericSensorType_Output,15002,Variable
GenericSensorType_Output_Definition,15003,Variable
GenericSensorType_Output_ValuePrecision,15004,Variable
GenericSensorType_Output_InstrumentRange,15005,Variable
GenericSensorType_Output_EURange,15006,Variable
GenericSensorType_Output_EngineeringUnits,15007,Variable
GenericActuatorType,15008,ObjectType
GenericActuatorType_Input,15009,Variable
GenericActuatorType_Input_Definition,15010,Variable
GenericActuatorType_Input_ValuePrecision,15011,Variable
GenericActuatorType_Input_InstrumentRange,15012,Variable
GenericActuatorType_Input_EURange,15013,Variable
GenericActuatorType_Input_EngineeringUnits,15014,Variable
LevelIndicatorType,15015,ObjectType
LevelIndicatorType_Output,15016,Variable
LevelIndicatorType_Output_Definition,15017,Variable
LevelIndicatorType_Output_ValuePrecision,15018,Variable
LevelIndicatorType_Output_InstrumentRange,15019,Variable
LevelIndicatorType_Output_EURange,15020,Variable
LevelIndicatorType_Output_EngineeringUnits,15021,Variable
ValveType,15022,ObjectType
ValveType_Input,15023,Variable
ValveType_Input_Definition,15024,Variable
ValveType_Input_ValuePrecision,15025,Variable
ValveType_Input_InstrumentRange,15026,Variable
ValveType_Input_EURange,15027,Variable
ValveType_Input_EngineeringUnits,15028,Variable
Tank1Type,15029,ObjectType
Tank1Type_Tank1LevelIndicator,15030,Object
Tank1Type_Tank1LevelIndicator_Output,15031,Variable
Tank1Type_Tank1LevelIndicator_Output_Definition,15032,Variable
Tank1Type_Tank1LevelIndicator_Output_ValuePrecision,15033,Variable
Tank1Type_Tank1LevelIndicator_Output_InstrumentRange,15034,Variable
Tank1Type_Tank1LevelIndicator_Output_EURange,15035,Variable
Tank1Type_Tank1LevelIndicator_Output_EngineeringUnits,15036,Variable
Tank1Type_Tank1DischargeValve,15037,Object
Tank1Type_Tank1DischargeValve_Input,15038,Variable
Tank1Type_Tank1DischargeValve_Input_Definition,15039,Variable
Tank1Type_Tank1DischargeValve_Input_ValuePrecision,15040,Variable
Tank1Type_Tank1DischargeValve_Input_InstrumentRange,15041,Variable
Tank1Type_Tank1DischargeValve_Input_EURange,15042,Variable
Tank1Type_Tank1DischargeValve_Input_EngineeringUnits,15043,Variable
Tank2Type,15044,ObjectType
Tank2Type_Tank2LevelIndicator,15045,Object
Tank2Type_Tank2LevelIndicator_Output,15046,Variable
Tank2Type_Tank2LevelIndicator_Output_Definition,15047,Variable
Tank2Type_Tank2LevelIndicator_Output_ValuePrecision,15048,Variable
Tank2Type_Tank2LevelIndicator_Output_InstrumentRange,15049,Variable
Tank2Type_Tank2LevelIndicator_Output_EURange,15050,Variable
Tank2Type_Tank2LevelIndicator_Output_EngineeringUnits,15051,Variable
Tank2Type_Tank2DischargeValve,15052,Object
Tank2Type_Tank2DischargeValve_Input,15053,Variable
Tank2Type_Tank2DischargeValve_Input_Definition,15054,Variable
Tank2Type_Tank2DischargeValve_Input_ValuePrecision,15055,Variable
Tank2Type_Tank2DischargeValve_Input_InstrumentRange,15056,Variable
Tank2Type_Tank2DischargeValve_Input_EURange,15057,Variable
Tank2Type_Tank2DischargeValve_Input_EngineeringUnits,15058,Variable
Tank3Type,15059,ObjectType
Tank3Type_Tank3LevelIndicator,15060,Object
Tank3Type_Tank3LevelIndicator_Output,15061,Variable
Tank3Type_Tank3LevelIndicator_Output_Definition,15062,Variable
Tank3Type_Tank3LevelIndicator_Output_ValuePrecision,15063,Variable
Tank3Type_Tank3LevelIndicator_Output_InstrumentRange,15064,Variable
Tank3Type_Tank3LevelIndicator_Output_EURange,15065,Variable
Tank3Type_Tank3LevelIndicator_Output_EngineeringUnits,15066,Variable
Tank3Type_Tank3DischargeValve,15067,Object
Tank3Type_Tank3DischargeValve_Input,15068,Variable
Tank3Type_Tank3DischargeValve_Input_Definition,15069,Variable
Tank3Type_Tank3DischargeValve_Input_ValuePrecision,15070,Variable
Tank3Type_Tank3DischargeValve_Input_InstrumentRange,15071,Variable
Tank3Type_Tank3DischargeValve_Input_EURange,15072,Variable
Tank3Type_Tank3DischargeValve_Input_EngineeringUnits,15073,Variable
PlantType,15074,ObjectType
PlantType_Tank1,15075,Object
PlantType_Tank1_Tank1LevelIndicator,15076,Object
PlantType_Tank1_Tank1LevelIndicator_Output,15077,Variable
PlantType_Tank1_Tank1LevelIndicator_Output_Definition,15078,Variable
PlantType_Tank1_Tank1LevelIndicator_Output_ValuePrecision,15079,Variable
PlantType_Tank1_Tank1LevelIndicator_Output_InstrumentRange,15080,Variable
PlantType_Tank1_Tank1LevelIndicator_Output_EURange,15081,Variable
PlantType_Tank1_Tank1LevelIndicator_Output_EngineeringUnits,15082,Variable
PlantType_Tank1_Tank1DischargeValve,15083,Object
PlantType_Tank1_Tank1DischargeValve_Input,15084,Variable
PlantType_Tank1_Tank1DischargeValve_Input_Definition,15085,Variable
PlantType_Tank1_Tank1DischargeValve_Input_ValuePrecision,15086,Variable
PlantType_Tank1_Tank1DischargeValve_Input_InstrumentRange,15087,Variable
PlantType_Tank1_Tank1DischargeValve_Input_EURange,15088,Variable
PlantType_Tank1_Tank1DischargeValve_Input_EngineeringUnits,15089,Variable
PlantType_Tank2,15090,Object
PlantType_Tank2_Tank2LevelIndicator,15091,Object
PlantType_Tank2_Tank2LevelIndicator_Output,15092,Variable
PlantType_Tank2_Tank2LevelIndicator_Output_Definition,15093,Variable
PlantType_Tank2_Tank2LevelIndicator_Output_ValuePrecision,15094,Variable
PlantType_Tank2_Tank2LevelIndicator_Output_InstrumentRange,15095,Variable
PlantType_Tank2_Tank2LevelIndicator_Output_EURange,15096,Variable
PlantType_Tank2_Tank2LevelIndicator_Output_EngineeringUnits,15097,Variable
PlantType_Tank2_Tank2DischargeValve,15098,Object
PlantType_Tank2_Tank2DischargeValve_Input,15099,Variable
PlantType_Tank2_Tank2DischargeValve_Input_Definition,15100,Variable
PlantType_Tank2_Tank2DischargeValve_Input_ValuePrecision,15101,Variable
PlantType_Tank2_Tank2DischargeValve_Input_InstrumentRange,15102,Variable
PlantType_Tank2_Tank2DischargeValve_Input_EURange,15103,Variable
PlantType_Tank2_Tank2DischargeValve_Input_EngineeringUnits,15104,Variable
PlantType_Tank3,15105,Object
PlantType_Tank3_Tank3LevelIndicator,15106,Object
PlantType_Tank3_Tank3LevelIndicator_Output,15107,Variable
PlantType_Tank3_Tank3LevelIndicator_Output_Definition,15108,Variable
PlantType_Tank3_Tank3LevelIndicator_Output_ValuePrecision,15109,Variable
PlantType_Tank3_Tank3LevelIndicator_Output_InstrumentRange,15110,Variable
PlantType_Tank3_Tank3LevelIndicator_Output_EURange,15111,Variable
PlantType_Tank3_Tank3LevelIndicator_Output_EngineeringUnits,15112,Variable
PlantType_Tank3_Tank3DischargeValve,15113,Object
PlantType_Tank3_Tank3DischargeValve_Input,15114,Variable
PlantType_Tank3_Tank3DischargeValve_Input_Definition,15115,Variable
PlantType_Tank3_Tank3DischargeValve_Input_ValuePrecision,15116,Variable
PlantType_Tank3_Tank3DischargeValve_Input_InstrumentRange,15117,Variable
PlantType_Tank3_Tank3DischargeValve_Input_EURange,15118,Variable
PlantType_Tank3_Tank3DischargeValve_Input_EngineeringUnits,15119,Variable
PlantType_StartProcess,15120,Method
PlantType_StopProcess,15121,Method
Plant1,15122,Object
Plant1_Tank1,15123,Object
Plant1_Tank1_Tank1LevelIndicator,15124,Object
Plant1_Tank1_Tank1LevelIndicator_Output,15125,Variable
Plant1_Tank1_Tank1LevelIndicator_Output_Definition,15126,Variable
Plant1_Tank1_Tank1LevelIndicator_Output_ValuePrecision,15127,Variable
Plant1_Tank1_Tank1LevelIndicator_Output_InstrumentRange,15128,Variable
Plant1_Tank1_Tank1LevelIndicator_Output_EURange,15129,Variable
Plant1_Tank1_Tank1LevelIndicator_Output_EngineeringUnits,15130,Variable
Plant1_Tank1_Tank1DischargeValve,15131,Object
Plant1_Tank1_Tank1DischargeValve_Input,15132,Variable
Plant1_Tank1_Tank1DischargeValve_Input_Definition,15133,Variable
Plant1_Tank1_Tank1DischargeValve_Input_ValuePrecision,15134,Variable
Plant1_Tank1_Tank1DischargeValve_Input_InstrumentRange,15135,Variable
Plant1_Tank1_Tank1DischargeValve_Input_EURange,15136,Variable
Plant1_Tank1_Tank1DischargeValve_Input_EngineeringUnits,15137,Variable
Plant1_Tank2,15138,Object
Plant1_Tank2_Tank2LevelIndicator,15139,Object
Plant1_Tank2_Tank2LevelIndicator_Output,15140,Variable
Plant1_Tank2_Tank2LevelIndicator_Output_Definition,15141,Variable
Plant1_Tank2_Tank2LevelIndicator_Output_ValuePrecision,15142,Variable
Plant1_Tank2_Tank2LevelIndicator_Output_InstrumentRange,15143,Variable
Plant1_Tank2_Tank2LevelIndicator_Output_EURange,15144,Variable
Plant1_Tank2_Tank2LevelIndicator_Output_EngineeringUnits,15145,Variable
Plant1_Tank2_Tank2DischargeValve,15146,Object
Plant1_Tank2_Tank2DischargeValve_Input,15147,Variable
Plant1_Tank2_Tank2DischargeValve_Input_Definition,15148,Variable
Plant1_Tank2_Tank2DischargeValve_Input_ValuePrecision,15149,Variable
Plant1_Tank2_Tank2DischargeValve_Input_InstrumentRange,15150,Variable
Plant1_Tank2_Tank2DischargeValve_Input_EURange,15151,Variable
Plant1_Tank2_Tank2DischargeValve_Input_EngineeringUnits,15152,Variable
Plant1_Tank3,15153,Object
Plant1_Tank3_Tank3LevelIndicator,15154,Object
Plant1_Tank3_Tank3LevelIndicator_Output,15155,Variable
Plant1_Tank3_Tank3LevelIndicator_Output_Definition,15156,Variable
Plant1_Tank3_Tank3LevelIndicator_Output_ValuePrecision,15157,Variable
Plant1_Tank3_Tank3LevelIndicator_Output_InstrumentRange,15158,Variable
Plant1_Tank3_Tank3LevelIndicator_Output_EURange,15159,Variable
Plant1_Tank3_Tank3LevelIndicator_Output_EngineeringUnits,15160,Variable
Plant1_Tank3_Tank3DischargeValve,15161,Object
Plant1_Tank3_Tank3DischargeValve_Input,15162,Variable
Plant1_Tank3_Tank3DischargeValve_Input_Definition,15163,Variable
Plant1_Tank3_Tank3DischargeValve_Input_ValuePrecision,15164,Variable
Plant1_Tank3_Tank3DischargeValve_Input_InstrumentRange,15165,Variable
Plant1_Tank3_Tank3DischargeValve_Input_EURange,15166,Variable
Plant1_Tank3_Tank3DischargeValve_Input_EngineeringUnits,15167,Variable
Plant1_StartProcess,15168,Method
Plant1_StopProcess,15169,Method
